group_trees.browsePathName3,值2,parent_asin,求和项:review_id 的计数
Entertainment events 娱乐活动,,,1191
Celebration and Ceremony 庆祝和仪式,,,653
Sports 运动相关,,,614
健身,,,505
Holiday / Festival 节假日,,,394
#N/A,,,325
锻炼/做Gym,,,302
,Gym,,302
,,B083W6D4RJ,118
,,B083B5PY27,52
,,B07WFYB73C,50
,,B08SWHB99S,42
,,B085C2GZ4S,40
To Work 上下班,,,240
,meetings,,54
,,B0CQCJNZ5W,2
,,B0CM3BZK9C,2
,,B0CFB95RT1,2
,,B07KWDH8HD,2
,,B0D2J68YRH,1
,,B0CSXC6C23,1
,,B0CRQFK9PS,1
,,B0CQJRQLK9,1
,,B0CQ8NDXWR,1
,,B0CPVP8751,1
,,B0CP79SCTH,1
,,B0CP64WB7V,1
,,B0CNLNKFQF,1
,,B0CM8YRLDW,1
,,B0CL51J3V5,1
,,B0CL43STB8,1
,,B0CJJLGN8Y,1
,,B0CH82JMSP,1
,,B0CGV4KZBK,1
,,B0CGHF44KQ,1
,,B0CFRHJH1V,1
,,B0CFFMNGZP,1
,,B0CDWSWBMS,1
,,B0CD9W296S,1
,,B0CD7TTSTQ,1
,,B0CC8HCJLD,1
,,B0CB6DGMR2,1
,,B0C7CT3J5W,1
,,B0C6QTQ3F8,1
,,B0C1Z61GLQ,1
,,B0BRXBNKYC,1
,,B0BPXLNGC9,1
,,B0BMTVDF12,1
,,B0BMT9D59Y,1
,,B0BMG23497,1
,,B0BM474TKS,1
,,B0BM45RQJS,1
,,B0BL73SJN4,1
,,B0BFCWW92T,1
,,B0BD6D1SMS,1
,,B0B7WDCGXR,1
,,B0B56D69WC,1
,,B09L1LMXWF,1
,,B09FFMMTKY,1
,,B09DPC7J69,1
,,B09CPYXX1W,1
,,B08SWNPH4G,1
,,B085KWNF2B,1
,,B07FBC2DNW,1
,,B076JBS5JL,1
,To Work,,49
,,B085C2GZ4S,12
,,B083W6D4RJ,9
,,B07WFYB73C,9
,,B083B5PY27,7
,,B07WX74VX5,6
,,B07KW77JZ3,6
,Charity,,27
,,B094SXWHDV,2
,,B0CPW27NT1,1
,,B0CM8YRLDW,1
,,B0CLP3732R,1
,,B0CJJPYWSJ,1
,,B0C8MV47HV,1
,,B0C4XJG5VF,1
,,B0BZDJBNXF,1
,,B0BTXW7ZXG,1
,,B0BTHXCZ71,1
,,B0BQJ5Y3QJ,1
,,B0BJZQNYG7,1
,,B0B5DXD7YX,1
,,B0B4DN72SP,1
,,B09V16Q97R,1
,,B09SLXDCJN,1
,,B083W6D4RJ,1
,,B081B77YGJ,1
,,B07W3LM12B,1
,,B07Q826VGT,1
,,B07KWDH8HD,1
,,B07H9VZ5GJ,1
,,B07FRCKNQ3,1
,,B07849VCBQ,1
,,B076J7WWH6,1
,,B01MTMPLQS,1
,Presentation,,22
,,B087WP31H9,2
,,B07JG4GJD6,2
,,B0CYC9R8B2,1
,,B0CTZRR755,1
,,B0CTCY1WTR,1
,,B0CLV66982,1
,,B0CKZGDQDN,1
,,B0CHJSDQHF,1
,,B0C9TX981L,1
,,B0C8MV47HV,1
,,B0BKSXD5Z2,1
,,B0BDM7CN8Z,1
,,B0BDLZYYR7,1
,,B0B3JKC7XH,1
,,B09V5F77BL,1
,,B09DK3BFPY,1
,,B07Z35SRGZ,1
,,B07KWDH8HD,1
,,B07849VCBQ,1
,,B076J7WWH6,1
,Interview,,18
,,B0CTPTKVF2,1
,,B0CRDFQKMF,1
,,B0CPKQLSDN,1
,,B0CNLTM2LR,1
,,B0CH3F8Y37,1
,,B0CD2RYBXG,1
,,B0CB1M7787,1
,,B0C5WS2T12,1
,,B0C5PSVJZP,1
,,B0B7G91V6K,1
,,B09PB4YJN8,1
,,B09L1LMXWF,1
,,B09FFMMTKY,1
,,B097K7X4LF,1
,,B07Z35SRGZ,1
,,B07WKV771D,1
,,B07V9FZVP8,1
,,B06XWRBPTX,1
,corporate,,13
,,B0CSWLSVCT,1
,,B0CRVC3KK7,1
,,B0CPSTVJFT,1
,,B0CMHLRQD5,1
,,B0CL43STB8,1
,,B0CKZ23MHJ,1
,,B0BXWKHZ55,1
,,B0BD45BDRG,1
,,B09CPYXX1W,1
,,B089K5TXG2,1
,,B07YDJKWB5,1
,,B07Q826VGT,1
,,B07FCZS62P,1
,Work from Home,,10
,,B0CRB15X5T,2
,,B0CQLKLD7K,1
,,B0CQJRQLK9,1
,,B0CL8XYF3F,1
,,B0CGV4KZBK,1
,,B0CC8HCJLD,1
,,B0BM9KQV3Z,1
,,B084GJHTJ6,1
,,B083B5PY27,1
,Conference,,10
,,B07KWDH8HD,3
,,B0CFR1DDD7,2
,,B0CGHF44KQ,1
,,B07V9FZVP8,1
,,B07FRCKNQ3,1
,,B07F8W74D9,1
,,B0779VRNK6,1
,Casual Friday,,9
,,B0CNXQ7RR2,1
,,B0CL4JXP97,1
,,B0CKZGDQDN,1
,,B0CJV1MJXM,1
,,B0CBKPDFRC,1
,,B0CBHN5WLG,1
,,B0BKY6MLZ2,1
,,B0B1P361LP,1
,,B07KWDH8HD,1
,Workplace,,7
,,B0CM2WQTQ8,1
,,B0C6SS53KX,1
,,B0BSXFQD62,1
,,B0B28NKYN8,1
,,B09SLXDCJN,1
,,B09NL2F183,1
,,B09N6XJ3CL,1
,Job Interview,,7
,,B0CRDFQKMF,1
,,B0CB1M7787,1
,,B0B7G91V6K,1
,,B09PB4YJN8,1
,,B09L1LMXWF,1
,,B07Z35SRGZ,1
,,B07WKV771D,1
,conventions,,3
,,B0CRPS7ZXQ,1
,,B0CBHPVNQF,1
,,B08NBWCBYJ,1
,Business Trip,,3
,,B0CP79SCTH,1
,,B0CJRMVT8G,1
,,B0C6XTM3HL,1
,Networking,,2
,,B07GVGWYHT,1
,,B073XM6F7J,1
,conferences,,2
,,B0BD6D1SMS,1
,,B07FBC2DNW,1
,Workshop,,1
,,B0BBVKC571,1
,Seminars,,1
,,B0B389P4K6,1
,Internship,,1
,,B0B2P41DLZ,1
,Happy Hours,,1
,,B0CTCY1WTR,1
在海边,,,205
,Beach,,184
,,B07849VCBQ,76
,,B07WRWF1FP,36
,,B0C373ZXR1,29
,,B0C3LXLHK8,23
,,B09GK7FFLC,20
,To the Beach,,21
,,B07849VCBQ,5
,,B0C3LXLHK8,4
,,B0CN6M8VZP,3
,,B0C373ZXR1,3
,,B0BTCZR5JQ,3
,,B0BLXFMFNF,3
Formal Occasion 正式场合,,,166
,Special Occasions,,52
,,B07WGF5FFZ,2
,,B073XM6F7J,2
,,B071SD4KDK,2
,,B0CXLSDKSK,1
,,B0CTPTKVF2,1
,,B0CQGKNGGF,1
,,B0CPLTHCX8,1
,,B0CPDY412F,1
,,B0CNXQ7RR2,1
,,B0CNLNKFQF,1
,,B0CK171XN6,1
,,B0CJ33JMCD,1
,,B0CH3F8Y37,1
,,B0CGZD632P,1
,,B0CGV4KZBK,1
,,B0CFKSF9NS,1
,,B0CDNRJG84,1
,,B0CD7SKY5N,1
,,B0CBLM8B64,1
,,B0C9M3N17M,1
,,B0C3M3XBXV,1
,,B0BXT28WPG,1
,,B0BR6M9XG5,1
,,B0BLZHJ9JX,1
,,B0BLZFRMP3,1
,,B0BKZPQZL4,1
,,B0BJKY7124,1
,,B0BGXQ9Q3M,1
,,B0BGLLFH4F,1
,,B0BG5BKF14,1
,,B0BG5B2Y35,1
,,B0BFCWW92T,1
,,B0BDM7CN8Z,1
,,B0B9BGYWC7,1
,,B09RZMJ6YM,1
,,B09QCS582R,1
,,B09N6XJ3CL,1
,,B09DPC7J69,1
,,B087WP31H9,1
,,B07WTCB4NN,1
,,B07Q826VGT,1
,,B07MK6J2RY,1
,,B07LDZY8XT,1
,,B07KWDH8HD,1
,,B07GGX558N,1
,,B07FRCKNQ3,1
,,B07FR995CV,1
,,B06X9P5H44,1
,,B01ALC4T9E,1
,Ball,,34
,,B07Q826VGT,8
,,B071SD4KDK,6
,,B09SLXDCJN,4
,,B076J7WWH6,4
,,B0C8MV47HV,3
,,B09HGT7L9C,3
,,B07KWDH8HD,3
,,B07JG4GJD6,3
,Semi Formal,,26
,,B073XM6F7J,2
,,B0CRQK68B7,1
,,B0CRQFK9PS,1
,,B0CNXQDCM2,1
,,B0CM6VCHYD,1
,,B0CL51J3V5,1
,,B0CJHNBMQ4,1
,,B0CHFRC4T7,1
,,B0CGHF44KQ,1
,,B0BRSZ83VZ,1
,,B0BR6M9XG5,1
,,B0BQMSQGPN,1
,,B0BJPJPQM8,1
,,B0BDLZYYR7,1
,,B0B1D1R97Y,1
,,B09N9MK5JP,1
,,B09N6XJ3CL,1
,,B09FFMMTKY,1
,,B097H7QX34,1
,,B093QDLJRM,1
,,B08C9PCNG1,1
,,B07WRWF1FP,1
,,B07CKSSSQY,1
,,B07BLTNKPZ,1
,,B01MTMPLQS,1
,Formal Occasion,,19
,,B0D2DP977M,1
,,B0CT8GKMMQ,1
,,B0CRPS7ZXQ,1
,,B0CP79SCTH,1
,,B0CMJ9R3WL,1
,,B0CLV66982,1
,,B0CKTFJN5Z,1
,,B0BZ3BZNKP,1
,,B0BQ5FY2BK,1
,,B0BNL6ZFGD,1
,,B0BL29RJCM,1
,,B0BGLMLL97,1
,,B09SV4TMBC,1
,,B08SWNPH4G,1
,,B07KWDH8HD,1
,,B07F6FWK7Z,1
,,B07C63SSZD,1
,,B07BFB6BQK,1
,,B073XM6F7J,1
,Gala,,15
,,B071SD4KDK,4
,,B07Q826VGT,3
,,B0B389P4K6,2
,,B09PG7K6XN,2
,,B07FRCKNQ3,2
,,B0716D6L6N,2
,Evening Event,,9
,,B0D2J68YRH,1
,,B0CSFQNBGD,1
,,B0CNW98MMJ,1
,,B0BHY751DL,1
,,B0BHRVFV3W,1
,,B0BG5PDMH7,1
,,B0B74BNLWT,1
,,B086HP4D7N,1
,,B071SD4KDK,1
,Red Carpet,,6
,,B0CYC9R8B2,1
,,B0CJ4GF1L4,1
,,B0B5GY6KQM,1
,,B099ZFL1VL,1
,,B07JG4GJD6,1
,,B071SD4KDK,1
,Convention,,5
,,B09BZJ4WRV,1
,,B082VTQ7QC,1
,,B07FBC2DNW,1
,,B076JD7XZS,1
,,B071SD4KDK,1
Relax,,,148
,Dinner,,57
,,B07Q826VGT,17
,,B071SD4KDK,14
,,B07849VCBQ,11
,,B06X9P5H44,8
,,B07WRWF1FP,7
,Disco,,34
,,B07KQ2WFMP,8
,,B081B77YGJ,7
,,B07CK369S6,7
,,B0C8MV47HV,4
,,B07FR995CV,4
,,B076J7WWH6,4
,Casual Dinner,,24
,,B0CQT5GG6J,1
,,B0CNJLCV5X,1
,,B0CN6C2NV3,1
,,B0CMCYP594,1
,,B0CM8YRLDW,1
,,B0CLLGR18G,1
,,B0CKTD4M6S,1
,,B0CH7YRVCR,1
,,B0CG666W39,1
,,B0CC8HCJLD,1
,,B0CBRX816Q,1
,,B0CB6S9M17,1
,,B0CB3MHXFL,1
,,B0C8B4CSVG,1
,,B0C5J35BRR,1
,,B0BNH71TFC,1
,,B0BM9TVNDT,1
,,B0B28NKYN8,1
,,B09S3N9Z4V,1
,,B09GVCSYQF,1
,,B087WP31H9,1
,,B07N2NNNDB,1
,,B07D6ZLYKH,1
,,B071SD4KDK,1
,Games,,19
,,B0CW1JC43C,1
,,B0CTCB41XG,1
,,B0CQWWX83Y,1
,,B0CQQJK8FX,1
,,B0CQ2L7ZZ8,1
,,B0CPWMX2LG,1
,,B0CMHKBN29,1
,,B0CBTG26V9,1
,,B0C8MV47HV,1
,,B0C74KRRN3,1
,,B0C6JQGWVT,1
,,B0C5WS2T12,1
,,B0C5R46YJ4,1
,,B0BN56F8ZY,1
,,B098QHKY5J,1
,,B0921ZMJF2,1
,,B08SWNPH4G,1
,,B07FR995CV,1
,,B076JBS5JL,1
,Drinking,,8
,,B07YZFHCTT,2
,,B0CRZ5YF5H,1
,,B0CHF434N9,1
,,B0C373ZXR1,1
,,B0BS15GZ9V,1
,,B085QD77QG,1
,,B083W6D4RJ,1
,Family Dinner,,3
,,B0C7G9NG6H,1
,,B09CQ8XGYH,1
,,B071SD4KDK,1
,Dining Out,,3
,,B0BM474TKS,1
,,B09SLXDCJN,1
,,B09DPC7J69,1
Schooling 上学相关场景,,,93
,School,,44
,,B07Q826VGT,7
,,B073XM6F7J,6
,,B01NBATSLU,6
,,B07KWDH8HD,5
,,B08SWHLGCC,4
,,B07WRWF1FP,4
,,B07JG4GJD6,4
,,B076J7WWH6,4
,,B06X9P5H44,4
,Reading,,25
,,B071SD4KDK,5
,,B09SV4TMBC,4
,,B09SLXDCJN,4
,,B08SWNPH4G,4
,,B07JG4GJD6,4
,,B07849VCBQ,4
,College,,16
,,B0D2DD9MFF,2
,,B0BHRVFV3W,2
,,B0B72TB42X,2
,,B08SWHB99S,2
,,B083W6D4RJ,2
,,B083VSNXMY,2
,,B07BLTNKPZ,2
,,B071SD4KDK,2
,University,,5
,,B0CQGKNGGF,1
,,B0BNBM74FH,1
,,B0BGXQ9Q3M,1
,,B08SWHLGCC,1
,,B083VSNXMY,1
,Spring Fling,,1
,,B07KWDH8HD,1
,PTA Meeting,,1
,,B085GCJDKY,1
,Doing Research,,1
,,B07W4G7G9F,1
暑假,,,92
,Trip,,92
,,B07KW77JZ3,27
,,B07849VCBQ,19
,,B07WRWF1FP,18
,,B09FT3PSXY,12
,,B0C373ZXR1,8
,,B09SLXDCJN,8
Halloween,,,91
,Costume,,91
,,B0779VRNK6,22
,,B09CPYXX1W,20
,,B07FR995CV,18
,,B07Q826VGT,16
,,B0CJ974JJ7,15
Stay Around House 居家相关,,,90
,Running Errands,,45
,,B0CLP5D6C7,2
,,B0D2WLQ4DR,1
,,B0CZSTRTFB,1
,,B0CZ3V3YYR,1
,,B0CX8CV4PB,1
,,B0CRTGW9VG,1
,,B0CQWWX83Y,1
,,B0CQNXJ7WS,1
,,B0CPWLZYQL,1
,,B0CPW27NT1,1
,,B0CPDY412F,1
,,B0CP62YTH9,1
,,B0CNRG53X6,1
,,B0CL6GRHHB,1
,,B0CL43STB8,1
,,B0CK8R1N8D,1
,,B0CJFH9VT5,1
,,B0CJCLPYXL,1
,,B0CJCFT851,1
,,B0CJ8WNCR2,1
,,B0CF23QSQJ,1
,,B0CDXJFRW7,1
,,B0CD7C8PFV,1
,,B0CD24W59K,1
,,B0CCS849HW,1
,,B0C8J9BMQR,1
,,B0C6TP68TP,1
,,B0C6KRS6R2,1
,,B0C3LXLHK8,1
,,B0BS2SC4SS,1
,,B0BR6NSSX7,1
,,B0BQQZZ7RS,1
,,B0BQ59CQ56,1
,,B0BPLS9CHB,1
,,B0BNM6C37P,1
,,B0BN56F8ZY,1
,,B0B9T2VX3W,1
,,B09NL2F183,1
,,B083W6D4RJ,1
,,B0829NWHHM,1
,,B07WNNWW5W,1
,,B07PGPVZ67,1
,,B07KW77JZ3,1
,,B01LWYFDPE,1
,Bath,,11
,,B0BN589HM6,2
,,B08L3T7T9H,2
,,B0829NWHHM,2
,,B0BM9KQV3Z,1
,,B09BZJ4WRV,1
,,B085C2GZ4S,1
,,B07MW3MBB3,1
,,B01LWYFDPE,1
,Gardening,,8
,,B0CX1FBWLC,1
,,B0CPLD1KR4,1
,,B0CLP3732R,1
,,B0C38YK4LJ,1
,,B0BM9KQV3Z,1
,,B09L1LMXWF,1
,,B08N5ZJDM5,1
,,B085QD77QG,1
,Bedroom,,8
,,B076JD7XZS,2
,,B0D1NJDV78,1
,,B09NQ8VRC4,1
,,B07WRWF1FP,1
,,B07JG4GJD6,1
,,B07849VCBQ,1
,,B076F1XSP8,1
,Baking,,8
,,B0CNRCTS3W,1
,,B0C3RMKYMV,1
,,B09CPYXX1W,1
,,B08SWHLGCC,1
,,B089Q57FB3,1
,,B07WRWF1FP,1
,,B07849VCBQ,1
,,B01ALC4T9E,1
,Cooking,,7
,,B0CQXBCPH3,1
,,B0CM312QDJ,1
,,B0CJCFT851,1
,,B0BQHHQ726,1
,,B09VPDXQBR,1
,,B07WRWF1FP,1
,,B07PB9BRZX,1
,Doing Laundry,,3
,,B0CQSYCLS1,1
,,B0CJXJN762,1
,,B0C8SDCD77,1
其他运动,,,84
,Sport,,84
,,B07KWDH8HD,29
,,B09S3N9Z4V,16
,,B08SWHLGCC,9
,,B0BTLXB7CG,5
,,B0BDDLXBX3,5
,,B0B7BJNJC9,5
,,B09DPC7J69,5
,,B08P4KNNLP,5
,,B07Q826VGT,5
居家休闲,,,83
,Around The House,,83
,,B083B5PY27,20
,,B083W6D4RJ,15
,,B085QD77QG,13
,,B0829NWHHM,13
,,B0CC8HCJLD,11
,,B0C373ZXR1,11
其他聚会场景,,,64
,Gathering,,64
,,B0CM3BQPJL,2
,,B0C1SY8JC6,2
,,B0BTLXB7CG,2
,,B0BS3KNW21,2
,,B0CYQW3Y5K,1
,,B0CTZRR755,1
,,B0CTMHX52D,1
,,B0CQWVQWYK,1
,,B0CP1YVD7M,1
,,B0CN967M4H,1
,,B0CN6C2NV3,1
,,B0CN4Z3S9W,1
,,B0CMCYP594,1
,,B0CLLGR18G,1
,,B0CKYLKKRC,1
,,B0CKLKW2RL,1
,,B0CKJ35CS9,1
,,B0CJLW7GM3,1
,,B0CJ974JJ7,1
,,B0CD7SKY5N,1
,,B0CCJPLC85,1
,,B0CCDJ998S,1
,,B0CCD4TL28,1
,,B0CBTF1GC5,1
,,B0CBFXRGV4,1
,,B0CB36KWNZ,1
,,B0C9M3N17M,1
,,B0C8SDCD77,1
,,B0C5XKHC2N,1
,,B0C5J35BRR,1
,,B0C3LXLWLY,1
,,B0BTHXCZ71,1
,,B0BSXFQD62,1
,,B0BS15GZ9V,1
,,B0BRCWD7MW,1
,,B0BRC9PLY1,1
,,B0BQBZ4QS1,1
,,B0BP9RYHDJ,1
,,B0BLZFRMP3,1
,,B0BL73SJN4,1
,,B0BKZ6YXJV,1
,,B0BJKY7124,1
,,B0BJKD8TQC,1
,,B0BFCWW92T,1
,,B0B4DN72SP,1
,,B09QCS582R,1
,,B09P65WLVG,1
,,B09N9MK5JP,1
,,B09N6XJ3CL,1
,,B09JW67YJK,1
,,B09CDCMHT4,1
,,B093QDLJRM,1
,,B08TLZ9CN9,1
,,B089Q57FB3,1
,,B07YHLYJ69,1
,,B07RZRDJWC,1
,,B07849VCBQ,1
,,B0716D6L6N,1
,,B01NBATSLU,1
,,B017VPYNXG,1
Character 人物装扮,,,63
,Star Wars,,19
,,B077MBCQLQ,8
,,B09CPYXX1W,3
,,B096Z7FBGZ,2
,,B0BJZQNYG7,1
,,B0953G2KGR,1
,,B08CK8BMPV,1
,,B085GCJDKY,1
,,B07849VCBQ,1
,,B076JBS5JL,1
,James Bond,,13
,,B08W57N34W,2
,,B0833NSJ4V,2
,,B0CBTFTJY6,1
,,B0BN589HM6,1
,,B09QKRPCWD,1
,,B09P1G6MKQ,1
,,B09NVJ8NSW,1
,,B09B5SVNJ9,1
,,B08JYHB248,1
,,B07Q826VGT,1
,,B06X9P5H44,1
, Pris,,6
,,B09B7SKQL6,1
,,B097K7X4LF,1
,,B08YR6CVDP,1
,,B08JYHB248,1
,,B07Z35SRGZ,1
,,B07KR6712Y,1
,Roaring 20s Party,,4
,,B099ZFL1VL,1
,,B07VVQGBT2,1
,,B0744GF5GF,1
,,B071SD4KDK,1
,Eleven,,4
,,B0CWH4B7V4,1
,,B0CQXBCPH3,1
,,B0B389P4K6,1
,,B077MBCQLQ,1
,western theme party,,3
,,B0BXT28WPG,1
,,B07WTCB4NN,1
,,B07DYTYSYN,1
,Goldilocks,,3
,,B0CNRCTS3W,1
,,B0CM3HXRRF,1
,,B08SWHB99S,1
,Magenta,,2
,,B0967TM7L5,1
,,B072MYZVJN,1
,Joker,,2
,,B07FRCKNQ3,1
,,B073XM6F7J,1
,Gangster,,2
,,B07KQ2WFMP,1
,,B07D6ZLYKH,1
,Waluigi,,1
,,B07CK369S6,1
,Tinkerbell,,1
,,B07KQ2WFMP,1
,Star Trek,,1
,,B09MTKKDVL,1
,Robin Hood,,1
,,B0BLVCNR1C,1
,Cosplay Party,,1
,,B09BZJ4WRV,1
化妆舞会,,,61
,Costume Party,,34
,,B09HKKC91G,2
,,B07KQ2WFMP,2
,,B0CT3ZV5R6,1
,,B0CQX5L46M,1
,,B0CJ974JJ7,1
,,B0CG666W39,1
,,B0CDPXXRYQ,1
,,B0CCZ3CPLT,1
,,B0C2VXPK34,1
,,B0BXT28WPG,1
,,B0BLW9R59X,1
,,B0BHY673H3,1
,,B0B7XWTJYG,1
,,B0B5SY4BY7,1
,,B09Y5JJ878,1
,,B09TT9FGCX,1
,,B09DD65S6H,1
,,B09CPYXX1W,1
,,B097H7QX34,1
,,B08LG5MJ68,1
,,B081B77YGJ,1
,,B07YDJKWB5,1
,,B07WRWF1FP,1
,,B07W4G7G9F,1
,,B07Q826VGT,1
,,B07MPC77GF,1
,,B07DYTYSYN,1
,,B07CKCRX5J,1
,,B0779VRNK6,1
,,B073XM6F7J,1
,,B073J9CCHJ,1
,,B01MSNGOMO,1
,Theme Party,,27
,,B081B77YGJ,2
,,B07K89CKQK,2
,,B0CY1T1S6R,1
,,B0CTHBN8BZ,1
,,B0CJ9JHDS9,1
,,B0C3LXLHK8,1
,,B0C2VXPK34,1
,,B0BXT28WPG,1
,,B0BLW9R59X,1
,,B0B92LBZWX,1
,,B0B72TB42X,1
,,B0B4DN72SP,1
,,B09N6XJ3CL,1
,,B087BLQ2C4,1
,,B07Z8ZJVX9,1
,,B07YZFHCTT,1
,,B07WTCB4NN,1
,,B07WRWF1FP,1
,,B07VVQGBT2,1
,,B07KR6712Y,1
,,B07K179M71,1
,,B07DYTYSYN,1
,,B076HM44BT,1
,,B072MYZVJN,1
,,B071SD4KDK,1
(空白),,,57
,bathroom,,32
,,B0CPLD1KR4,2
,,B0C373ZXR1,2
,,B0BNDJMLVG,2
,,B0D132SPWJ,1
,,B0CY1T1S6R,1
,,B0CTC5ZGYY,1
,,B0CP7Q6BVP,1
,,B0CP62YTH9,1
,,B0CL7RL41M,1
,,B0CFFMNGZP,1
,,B0C9M3N17M,1
,,B0C816X83D,1
,,B0C5LX4Y3S,1
,,B0BQJ5Y3QJ,1
,,B0BNKRY4RC,1
,,B0BN589HM6,1
,,B0BMVHJTDX,1
,,B0B9YR5NF7,1
,,B0B5SY4BY7,1
,,B09P55F62V,1
,,B09MVZCKCD,1
,,B09FT3PSXY,1
,,B09CPYXX1W,1
,,B0829NWHHM,1
,,B07LB16Z11,1
,,B07KXQ3RV3,1
,,B07FRCKNQ3,1
,,B07849VCBQ,1
,,B077MBCQLQ,1
,Luau,,25
,,B07WRWF1FP,6
,,B0C3LXLHK8,3
,,B0BKZ1VL4K,2
,,B09FT3PSXY,2
,,B0CYCCHWBF,1
,,B0CT3CSPJ2,1
,,B0CSZ519KZ,1
,,B0CRVC3KK7,1
,,B0CMCRBBCD,1
,,B0CD17L8LD,1
,,B0CBPZ6TG5,1
,,B0C282Q34F,1
,,B0C1SY8JC6,1
,,B0BRP9C8CM,1
,,B0BL3ZXJD7,1
,,B093QDLJRM,1
,(空白),,
,,(空白),
用于特别的场合（无明确具体场合）,,,52
,Special Occasion,,52
,,B0BMV7LC46,2
,,B0BHY673H3,2
,,B0B1D1R97Y,2
,,B09V16Q97R,2
,,B0D132SPWJ,1
,,B0CTPTKVF2,1
,,B0CNLTM2LR,1
,,B0CM8YRLDW,1
,,B0CM312QDJ,1
,,B0CJJLGN8Y,1
,,B0CFB95RT1,1
,,B0CB2L3KJ4,1
,,B0C5PSVJZP,1
,,B0C2VXPK34,1
,,B0C2BTWYTR,1
,,B0C1SY8JC6,1
,,B0BXWKHZ55,1
,,B0BXT28WPG,1
,,B0BT4NJV1F,1
,,B0BLW9R59X,1
,,B0BKY6MLZ2,1
,,B0BGLMLL97,1
,,B0BG5PDMH7,1
,,B0BFHWLYPC,1
,,B0BB1C6X63,1
,,B0BB16MZL7,1
,,B0B7XWTJYG,1
,,B0B74BNLWT,1
,,B0B5GY6KQM,1
,,B0B51SD7WZ,1
,,B09HKKC91G,1
,,B09DD65S6H,1
,,B09BJF2JMH,1
,,B097JV3VJ5,1
,,B08SWNPH4G,1
,,B085KWNF2B,1
,,B07Z8ZJVX9,1
,,B07X1K5WPM,1
,,B07WTCB4NN,1
,,B07KWDH8HD,1
,,B07KW1ZLLP,1
,,B07FCY2T1Z,1
,,B07BLTNKPZ,1
,,B076J7WWH6,1
,,B073XM6F7J,1
,,B071SD4KDK,1
,,B06XWRBPTX,1
,,B0188GTUXK,1
俱乐部和酒吧,,,52
, bar,,38
,,B0CQWVQWYK,1
,,B0CP3FGQKR,1
,,B0CL43STB8,1
,,B0CJV49CRX,1
,,B0CHF434N9,1
,,B0CH7YRVCR,1
,,B0CDNRJG84,1
,,B0C9ZDCC1P,1
,,B0C9JSWFLZ,1
,,B0BV259JHW,1
,,B0BRSZ83VZ,1
,,B0BP9RYHDJ,1
,,B0BL2QW71G,1
,,B0BKG3VKF3,1
,,B0BHRVFV3W,1
,,B0B7WDCGXR,1
,,B0B5KG8P57,1
,,B0B3WWW5TT,1
,,B09XXPJYKJ,1
,,B09WN95FVK,1
,,B09V16Q97R,1
,,B09P1G6MKQ,1
,,B09MKRMR3M,1
,,B09MKP6JTV,1
,,B08BHQK6CG,1
,,B084GJHTJ6,1
,,B083B5PY27,1
,,B0829NWHHM,1
,,B07Z8ZJVX9,1
,,B07XCQ2VQL,1
,,B07H9VZ5GJ,1
,,B07FRCKNQ3,1
,,B07DYTYSYN,1
,,B07C63SSZD,1
,,B076JD7XZS,1
,,B076J7WWH6,1
,,B076F1XSP8,1
,,B01ALC4T9E,1
,Club,,14
,,B07KQ2WFMP,3
,,B076JD7XZS,3
,,B0C7KPD5RD,2
,,B0BJKY7124,2
,,B0B28NM633,2
,,B09V16Q97R,2
其他饮食场景,,,46
,Dining,,28
,,B0BHRVFV3W,2
,,B07MK6J2RY,2
,,B0CTQV3QRN,1
,,B0CPWMX2LG,1
,,B0CPVP8751,1
,,B0CN6B8X96,1
,,B0CLP5D6C7,1
,,B0CGZKGZBZ,1
,,B0CBTFTJY6,1
,,B0C373ZXR1,1
,,B0BQBZ4QS1,1
,,B0BMVHJTDX,1
,,B0BM474TKS,1
,,B0BJZQNYG7,1
,,B0BG5PDMH7,1
,,B0B4VVLJHG,1
,,B09T2NMWTC,1
,,B09SLXDCJN,1
,,B09N6XJ3CL,1
,,B09MVZCKCD,1
,,B09DPC7J69,1
,,B08SWG5FDQ,1
,,B082PVL8R1,1
,,B07V9FZVP8,1
,,B07BLTNKPZ,1
,,B07849VCBQ,1
,Drink,,18
,,B0CL3QV1Q3,1
,,B0CJRMVT8G,1
,,B0CF5TT2HL,1
,,B0CB7KZ8Y4,1
,,B0BS15GZ9V,1
,,B0BN8586VL,1
,,B0BM474TKS,1
,,B0BKG3VKF3,1
,,B0BHRVFV3W,1
,,B0BGXQ9Q3M,1
,,B0BG7Y85GQ,1
,,B0B3J1BVJ9,1
,,B09NQ8VRC4,1
,,B09MVZCKCD,1
,,B09B7P39HD,1
,,B08SWNPH4G,1
,,B087WP31H9,1
,,B07WRWF1FP,1
Feature 特征装扮,,,42
,Pirate,,21
,,B0CJ974JJ7,5
,,B09TT9FGCX,5
,,B07W4G7G9F,5
,,B0BR9DKC28,3
,,B0BLVCNR1C,3
,Witch,,15
,,B09CPYXX1W,3
,,B0CJRGV2P8,1
,,B0BG2TXHBV,1
,,B0B3J1BVJ9,1
,,B08SWG5FDQ,1
,,B085GCJDKY,1
,,B085C2GZ4S,1
,,B083B5PY27,1
,,B0829NWHHM,1
,,B07PMSMJNX,1
,,B07JG4GJD6,1
,,B07G39Y2Y5,1
,,B017YHV33O,1
,Old lady,,3
,,B0CP62YTH9,1
,,B0BPD726MZ,1
,,B0BNMCF5B1,1
,Alien,,2
,,B08W57N34W,1
,,B07ZKQYX5T,1
,Maid,,1
,,B0B4DN72SP,1
其他文化节庆,,,40
, Event,,40
,,B07Q826VGT,7
,,B07JG4GJD6,6
,,B07FRCKNQ3,6
,,B071SD4KDK,6
,,B09PG7K6XN,5
,,B09NVJ8NSW,5
,,B076J7WWH6,5
悠闲度日，消磨时间,,,37
,Lounge Around,,37
,,B089Q57FB3,4
,,B085QD77QG,4
,,B0CPWLZYQL,3
,,B0CJCLPYXL,2
,,B0CHJD9ZW7,2
,,B0CGHF44KQ,2
,,B0CC8HCJLD,2
,,B0CC1FPK44,2
,,B0C8J9BMQR,2
,,B09KZJLKV6,2
,,B09CPYXX1W,2
,,B08Q49878V,2
,,B083W6D4RJ,2
,,B083B5PY27,2
,,B07X1CKRNR,2
,,B07WNNWW5W,2
用于Cosplay,,,36
,A Costume,,36
,,B0779VRNK6,11
,,B01MSNGOMO,7
,,B09TT9FGCX,6
,,B07Q826VGT,6
,,B07FR995CV,6
Birthday,,,36
,The Office,,22
,,B07KWDH8HD,4
,,B0CTCDYV49,3
,,B0CP64WB7V,3
,,B0CH3F8Y37,3
,,B0C6QTQ3F8,3
,,B0BSXFQD62,3
,,B0BD6D1SMS,3
,Rodeo,,14
,,B072MYZVJN,4
,,B0CDH8WJP2,2
,,B0CDGRLHJT,2
,,B0CDGRC4ZT,2
,,B0C2VXPK34,2
,,B07F8W74D9,2
游船,,,35
,On a Cruise,,35
,,B07Q826VGT,5
,,B07KWDH8HD,4
,,B09QCS582R,3
,,B0817QGD2F,3
,,B0BPGPBKHZ,2
,,B0BNKHMZ9F,2
,,B0BM3M3JX3,2
,,B0BHRVFV3W,2
,,B09DPC7J69,2
,,B07W4G7G9F,2
,,B07JG4GJD6,2
,,B076J7WWH6,2
,,B071SD4KDK,2
,,B06X9P5H44,2
圣诞,,,35
,Christmas Gift,,25
,,B07LCCXW2V,10
,,B0B77GM6PN,3
,,B08SWNPH4G,3
,,B08SWHLGCC,3
,,B07XFNBY69,3
,,B01IQUOV6O,3
,The Holidays,,10
,,B0C9M3N17M,2
,,B09PG7K6XN,2
,,B09JGCCMPQ,2
,,B089K5TXG2,2
,,B07JG4GJD6,2
生日相关,,,32
,Birthday Party,,32
,,B07KQ2WFMP,6
,,B07Q826VGT,4
,,B071SD4KDK,4
,,B0C2VXPK34,2
,,B09TT9FGCX,2
,,B09DYY2T8D,2
,,B07VVQGBT2,2
,,B07K179M71,2
,,B07CK369S6,2
,,B07849VCBQ,2
,,B076J7WWH6,2
,,B073XM6F7J,2
婚礼相关,,,28
,Anniversary,,21
,,B09QCS582R,3
,,B07Q826VGT,3
,,B0188GTUXK,3
,,B0CM3HXRRF,2
,,B0BXWKHZ55,2
,,B09WN95FVK,2
,,B087WP31H9,2
,,B07JG4GJD6,2
,,B071SD4KDK,2
,Wedding Rehearsal,,4
,,B0BRSZ83VZ,1
,,B0BMT9D59Y,1
,,B0B389P4K6,1
,,B087WP31H9,1
,Bachelor Party,,3
,,B0CPTHL7KT,1
,,B0C3LXLHK8,1
,,B08WC544T2,1
其他兴趣爱好,,,27
,Interest,,27
,,B0CQT5GG6J,2
,,B0D2DJ75ZF,1
,,B0CQJRQLK9,1
,,B0CQ8NDXWR,1
,,B0CP1YVD7M,1
,,B0CNH9RQ8G,1
,,B0CN4Z3S9W,1
,,B0CK2K4VDH,1
,,B0CJXJN762,1
,,B0CGZD632P,1
,,B0CB6S9M17,1
,,B0C9JSWFLZ,1
,,B0C8SDCD77,1
,,B0C89T83YB,1
,,B0C6KHB1QN,1
,,B0C6JQGWVT,1
,,B0BQ5FY2BK,1
,,B0BNHFPMBD,1
,,B0BND71QZZ,1
,,B0BJDQJQFR,1
,,B0BD6D1SMS,1
,,B0B3J1BVJ9,1
,,B0B39H5SGQ,1
,,B09N9MK5JP,1
,,B09C16XMYV,1
,,B07JG4GJD6,1
万圣节化装,,,25
,Halloween Costume,,25
,,B09CPYXX1W,6
,,B07JG4GJD6,5
,,B07C63SSZD,5
,,B01NBATSLU,5
,,B09V16Q97R,4
主题派对,,,23
,white party,,23
,,B09QCS582R,7
,,B0BHRVFV3W,5
,,B0B4VVLJHG,4
,,B07849VCBQ,4
,,B09TT9FGCX,3
下班后的消遣,,,23
,After Work,,17
,,B0CSXC6C23,1
,,B0CKVTXN5S,1
,,B0CKTD4M6S,1
,,B0CFM3CKHL,1
,,B0CCDJ998S,1
,,B0CB2L3KJ4,1
,,B0C6SS53KX,1
,,B0C6JQGWVT,1
,,B0C5XKHC2N,1
,,B0BSXFQD62,1
,,B0BND71QZZ,1
,,B0BLLYMB35,1
,,B0BL732QVW,1
,,B09QYYJB2N,1
,,B09NL2F183,1
,,B095YPYF7L,1
,,B08BNKR56X,1
,After Hours,,6
,,B0CW3CLN76,2
,,B0CJ59Q56S,1
,,B0B82JYG3S,1
,,B09BNRK5FK,1
,,B07LB16Z11,1
跳舞,,,22
,Dancing,,13
,,B07CK369S6,3
,,B0BHY673H3,2
,,B09NVJ8NSW,2
,,B09CPYXX1W,2
,,B07W4G7G9F,2
,,B076J7WWH6,2
,To Dance,,9
,,B0CQX5L46M,1
,,B0CKTD4M6S,1
,,B0CHFRC4T7,1
,,B09V16Q97R,1
,,B09PG7K6XN,1
,,B07Q826VGT,1
,,B07GVGWYHT,1
,,B07C63SSZD,1
,,B076J7WWH6,1
会议,,,20
,Meeting,,20
,,B09S3N9Z4V,4
,,B0CQT5GG6J,2
,,B0CNLTM2LR,2
,,B0CJLW7GM3,2
,,B0CG6HWYLR,2
,,B0CFB95RT1,2
,,B07KWDH8HD,2
,,B07849VCBQ,2
,,B0744GF5GF,2
歌手的演唱会,,,18
,Concert,,18
,,B07WGF5FFZ,4
,,B07JG4GJD6,4
,,B06X9P5H44,4
,,B09CPYXX1W,3
,,B081B77YGJ,3
休闲活动,,,16
,Casual Occasion,,16
,,B0C282Q34F,2
,,B0CNT533VN,1
,,B0CNJLCV5X,1
,,B0CNGPQL8C,1
,,B0CN967M4H,1
,,B0CHF434N9,1
,,B0CD7TTSTQ,1
,,B0C38YK4LJ,1
,,B0BRK9LDYY,1
,,B0BRCWD7MW,1
,,B0BNVDXV7V,1
,,B0BNM6C37P,1
,,B09X1TZ167,1
,,B09J1YWKNL,1
,,B08F7WH9JM,1
高尔夫球,,,15
,Play Golf,,15
,,B0D1KJSJFQ,1
,,B0CT5428G8,1
,,B0CQXBCPH3,1
,,B0CPWMX2LG,1
,,B0CM3P7N93,1
,,B0CLLP3QTJ,1
,,B0CL6GRHHB,1
,,B0CL3QV1Q3,1
,,B0CCJPLC85,1
,,B0C373ZXR1,1
,,B0BNM6C37P,1
,,B0BLHCRG1G,1
,,B0BKZPQZL4,1
,,B09LYJWG4F,1
,,B08SWHB99S,1
上学,,,12
,To School,,12
,,B0CNX6YKVF,1
,,B0CFM3CKHL,1
,,B0C9JSWFLZ,1
,,B0C816X83D,1
,,B0BRXBNKYC,1
,,B0BM7HQ31R,1
,,B09PG7K6XN,1
,,B09FTHVK7B,1
,,B092W1YZKP,1
,,B08SWHB99S,1
,,B083VSNXMY,1
,,B06XT1QTZ8,1
去教会，做礼拜,,,12
,To Church,,12
,,B07LDZY8XT,4
,,B0CKHLFDFP,2
,,B08SWNPH4G,2
,,B08SWHLGCC,2
,,B07Z8ZJVX9,2
舞会,,,10
,A Concert,,10
,,B0C2VXPK34,2
,,B081B77YGJ,2
,,B07KWDH8HD,2
,,B07JG4GJD6,2
,,B07849VCBQ,2
黑色星期五,,,8
,Black Friday,,8
,,B0BBR5HPWB,1
,,B0B9T2VX3W,1
,,B0B5SXBF6H,1
,,B0B5KBGKB2,1
,,B08NBWCBYJ,1
,,B07YDJKWB5,1
,,B07VC7Y3DQ,1
,,B01MSNGOMO,1
喝一杯,,,8
,A Drink,,8
,,B0CJRMVT8G,1
,,B0CB7KZ8Y4,1
,,B0BS15GZ9V,1
,,B0BHRVFV3W,1
,,B0B3J1BVJ9,1
,,B09NQ8VRC4,1
,,B08SWNPH4G,1
,,B07WRWF1FP,1
唱歌,,,7
,Singing,,7
,,B0C2VXPK34,1
,,B0BHY6TYN9,1
,,B0BDM7CN8Z,1
,,B0B74BNLWT,1
,,B07DYTYSYN,1
,,B076J7WWH6,1
,,B071SD4KDK,1
用于专业/职业场合,,,5
,Professional Occasion,,5
,,B0CGHF44KQ,1
,,B09L1LMXWF,1
,,B096Z5ZBMQ,1
,,B0967TM7L5,1
,,B0921ZMJF2,1
学校的,,,5
,in School,,5
,,B0CFR1DDD7,1
,,B095VHCRGJ,1
,,B07C63SSZD,1
,,B073XM6F7J,1
,,B01NBATSLU,1
酒吧减价的时段（通常在傍晚）,,,4
,Happy Hour,,4
,,B0CPTHL7KT,1
,,B0CH7YRVCR,1
,,B0CBJSY51C,1
,,B0BRK8LV82,1
毕业相关,,,4
,Prom Party,,4
,,B07Q826VGT,2
,,B076J7WWH6,1
,,B074H662GS,1
woodstock音乐节,,,4
,woodstock,,4
,,B09TT9FGCX,2
,,B07MK6J2RY,1
,,B07849VCBQ,1
摩托车,,,3
,Motorcycle Riding,,3
,,B0CB6DGMR2,1
,,B0BQ59CQ56,1
,,B07KW77JZ3,1
剧院,,,3
,Opera,,3
,,B07VVQGBT2,1
,,B07Q826VGT,1
,,B017YHV33O,1
购物,,,3
,To Shopping,,3
,,B0CNJLCV5X,1
,,B0BLSQFLDS,1
,,B0BBGST6QJ,1
Wedding,,,2
,Bachelorette,,2
,,B0BKLSN295,1
,,B0BHWWD178,1
Festive Events,,,2
,Carnival,,2
,,B07Q826VGT,1
,,B07H9VZ5GJ,1
Concerts,,,2
,Rock Concert,,2
,,B0CDH9YJHJ,1
,,B07JG4GJD6,1
网络星期一,,,1
,Cyber Monday,,1
,,B07YDJKWB5,1
遛狗,,,1
,Dog walking,,1
,,B083VSNXMY,1
返校季,,,1
,Back to School,,1
,,B0CFM3CKHL,1
办公室上班,,,1
,To Office,,1
,,B0CB2L3KJ4,1
Political events 政治相关,,,1
,Voting,,1
,,B08SWNPH4G,1
总计,,,6280
