Total,Seasons,,,,
Richard Petty,"1964, 1967, 1971, 1972, 1974, 1975, 1979",https://en.wikipedia.org/wiki/Richard_Petty,https://en.wikipedia.org/wiki/1964_in_NASCAR,https://en.wikipedia.org/wiki/1967_in_NASCAR,https://en.wikipedia.org/wiki/1971_in_NASCAR
Dale Earnhardt,"1980, 1986, 1987, 1990, 1991, 1993, 1994",https://en.wikipedia.org/wiki/Dale_Earnhardt,https://en.wikipedia.org/wiki/1980_in_NASCAR,https://en.wikipedia.org/wiki/1986_in_NASCAR,https://en.wikipedia.org/wiki/1987_in_NASCAR
Jimmie Johnson,"2006, 2007, 2008, 2009, 2010, 2013, 2016",https://en.wikipedia.org/wiki/Jimmie_Johnson,https://en.wikipedia.org/wiki/2006_in_NASCAR,https://en.wikipedia.org/wiki/2007_in_NASCAR,https://en.wikipedia.org/wiki/2008_in_NASCAR
Jeff Gordon,"1995, 1997, 1998, 2001",https://en.wikipedia.org/wiki/Jeff_Gordon,https://en.wikipedia.org/wiki/1995_in_NASCAR,https://en.wikipedia.org/wiki/1997_in_NASCAR,https://en.wikipedia.org/wiki/1998_in_NASCAR
Lee Petty,"1954, 1958, 1959",https://en.wikipedia.org/wiki/Lee_Petty,https://en.wikipedia.org/wiki/1954_in_NASCAR,https://en.wikipedia.org/wiki/1958_in_NASCAR,https://en.wikipedia.org/wiki/1959_in_NASCAR
David Pearson,"1966, 1968, 1969",https://en.wikipedia.org/wiki/David_Pearson_(racing_driver),https://en.wikipedia.org/wiki/1966_in_NASCAR,https://en.wikipedia.org/wiki/1968_in_NASCAR,https://en.wikipedia.org/wiki/1969_in_NASCAR
Cale Yarborough,"1976, 1977, 1978",https://en.wikipedia.org/wiki/Cale_Yarborough,https://en.wikipedia.org/wiki/1976_in_NASCAR,https://en.wikipedia.org/wiki/1977_in_NASCAR,https://en.wikipedia.org/wiki/1978_in_NASCAR
Darrell Waltrip,"1981, 1982, 1985",https://en.wikipedia.org/wiki/Darrell_Waltrip,https://en.wikipedia.org/wiki/1981_in_NASCAR,https://en.wikipedia.org/wiki/1982_in_NASCAR,https://en.wikipedia.org/wiki/1985_in_NASCAR
Tony Stewart,"2002, 2005, 2011",https://en.wikipedia.org/wiki/Tony_Stewart,https://en.wikipedia.org/wiki/2002_in_NASCAR,https://en.wikipedia.org/wiki/2005_in_NASCAR,https://en.wikipedia.org/wiki/2011_in_NASCAR
Joey Logano,"2018, 2022, 2024",https://en.wikipedia.org/wiki/Joey_Logano,https://en.wikipedia.org/wiki/2018_in_NASCAR,https://en.wikipedia.org/wiki/2022_in_NASCAR,https://en.wikipedia.org/wiki/2024_in_NASCAR
Herb Thomas,"1951, 1953",https://en.wikipedia.org/wiki/Herb_Thomas,https://en.wikipedia.org/wiki/1951_in_NASCAR,https://en.wikipedia.org/wiki/1953_in_NASCAR,
Tim Flock,"1952, 1955",https://en.wikipedia.org/wiki/Tim_Flock,https://en.wikipedia.org/wiki/1952_in_NASCAR,https://en.wikipedia.org/wiki/1955_in_NASCAR,
Buck Baker,"1956, 1957",https://en.wikipedia.org/wiki/Buck_Baker,https://en.wikipedia.org/wiki/1956_in_NASCAR,https://en.wikipedia.org/wiki/1957_NASCAR_Grand_National_Series,
Joe Weatherly,"1962, 1963",https://en.wikipedia.org/wiki/Joe_Weatherly,https://en.wikipedia.org/wiki/1962_in_NASCAR,https://en.wikipedia.org/wiki/1963_in_NASCAR,
Ned Jarrett,"1961, 1965",https://en.wikipedia.org/wiki/Ned_Jarrett,https://en.wikipedia.org/wiki/1961_in_NASCAR,https://en.wikipedia.org/wiki/1965_in_NASCAR,
Terry Labonte,"1984, 1996",https://en.wikipedia.org/wiki/Terry_Labonte,https://en.wikipedia.org/wiki/1984_in_NASCAR,https://en.wikipedia.org/wiki/1996_in_NASCAR,
Kyle Busch,"2015, 2019",https://en.wikipedia.org/wiki/Kyle_Busch,https://en.wikipedia.org/wiki/2015_in_NASCAR,https://en.wikipedia.org/wiki/2019_in_NASCAR,
Red Byron,1949,https://en.wikipedia.org/wiki/Red_Byron,https://en.wikipedia.org/wiki/1949_NASCAR_Strictly_Stock_Series,,
Bill Rexford,1950,https://en.wikipedia.org/wiki/Bill_Rexford,https://en.wikipedia.org/wiki/1950_NASCAR_Grand_National_Series,,
Rex White,1960,https://en.wikipedia.org/wiki/Rex_White,https://en.wikipedia.org/wiki/1960_NASCAR_Grand_National_Series,,
Bobby Isaac,1970,https://en.wikipedia.org/wiki/Bobby_Isaac,https://en.wikipedia.org/wiki/1970_NASCAR_Grand_National_Series,,
Benny Parsons,1973,https://en.wikipedia.org/wiki/Benny_Parsons,https://en.wikipedia.org/wiki/1973_NASCAR_Winston_Cup_Series,,
Bobby Allison,1983,https://en.wikipedia.org/wiki/Bobby_Allison,https://en.wikipedia.org/wiki/1983_NASCAR_Winston_Cup_Series,,
Bill Elliott,1988,https://en.wikipedia.org/wiki/Bill_Elliott,https://en.wikipedia.org/wiki/1988_NASCAR_Winston_Cup_Series,,
Rusty Wallace,1989,https://en.wikipedia.org/wiki/Rusty_Wallace,https://en.wikipedia.org/wiki/1989_NASCAR_Winston_Cup_Series,,
Alan Kulwicki,1992,https://en.wikipedia.org/wiki/Alan_Kulwicki,https://en.wikipedia.org/wiki/1992_NASCAR_Winston_Cup_Series,,
Dale Jarrett,1999,https://en.wikipedia.org/wiki/Dale_Jarrett,https://en.wikipedia.org/wiki/1999_in_NASCAR,,
Bobby Labonte,2000,https://en.wikipedia.org/wiki/Bobby_Labonte,https://en.wikipedia.org/wiki/2000_in_NASCAR,,
Matt Kenseth,2003,https://en.wikipedia.org/wiki/Matt_Kenseth,https://en.wikipedia.org/wiki/2003_in_NASCAR,,
Kurt Busch,2004,https://en.wikipedia.org/wiki/Kurt_Busch,https://en.wikipedia.org/wiki/2004_in_NASCAR,,
Brad Keselowski,2012,https://en.wikipedia.org/wiki/Brad_Keselowski,https://en.wikipedia.org/wiki/2012_in_NASCAR,,
Kevin Harvick,2014,https://en.wikipedia.org/wiki/Kevin_Harvick,https://en.wikipedia.org/wiki/2014_in_NASCAR,,
Martin Truex Jr.,2017,https://en.wikipedia.org/wiki/Martin_Truex_Jr.,https://en.wikipedia.org/wiki/2017_in_NASCAR,,
Chase Elliott,2020,https://en.wikipedia.org/wiki/Chase_Elliott,https://en.wikipedia.org/wiki/2020_in_NASCAR,,
Kyle Larson,2021,https://en.wikipedia.org/wiki/Kyle_Larson,https://en.wikipedia.org/wiki/2021_in_NASCAR,,
Ryan Blaney,2023,https://en.wikipedia.org/wiki/Ryan_Blaney,https://en.wikipedia.org/wiki/2023_in_NASCAR,,
